timestamp,temp,hum,current,pred
2025-11-18 17:13:37.316830,26.7,46.0,0.863,69.95729998897008
2025-11-18 17:13:40.295036,26.7,46.0,2.377,69.95729998897008
2025-11-18 17:13:43.363337,26.7,46.0,3.509,69.95729998897008
2025-11-18 17:14:46.293607,26.7,47.0,7.629,67.56408211884153
2025-11-18 17:14:52.375886,26.7,47.0,5.681,67.56408211884153
2025-11-18 17:15:04.880107,26.8,49.0,24.922,67.56408211884153
2025-11-18 17:15:08.239494,26.8,48.0,20.94,67.56408211884153
2025-11-18 17:15:29.968129,26.8,47.0,12.708,67.56408211884153
2025-11-18 17:15:33.112784,26.8,47.0,13.279,67.56408211884153
2025-11-18 17:15:36.503536,26.8,46.0,11.123,69.95729998897008
2025-11-19 11:10:25.321651,26.4,54.0,0.0,58.8,65.649031142402,789.1144509216266,64.75400000000002,788.9521817574966,147.77433025903144,Linear_Regression,789.1144509216266
2025-11-19 11:10:47.505100,26.4,54.0,0.0,58.8,65.649031142402,789.1144509216266,64.75400000000002,788.9521817574966,147.77433025903144,Linear_Regression,789.1144509216266
2025-11-19 11:10:50.330573,26.4,54.0,0.0,58.8,65.649031142402,789.1144509216266,64.75400000000002,788.9521817574966,147.77433025903144,Linear_Regression,789.1144509216266
2025-11-19 11:10:53.505666,26.4,54.0,0.0,58.8,65.649031142402,789.1144509216266,64.75400000000002,788.9521817574966,147.77433025903144,Linear_Regression,789.1144509216266
2025-11-19 11:11:02.891775,26.4,54.0,0.0,58.8,65.649031142402,789.1144509216266,64.75400000000002,788.9521817574966,147.77433025903144,Linear_Regression,789.1144509216266
2025-11-19 11:11:06.001862,26.4,54.0,0.0,58.8,65.649031142402,789.1144509216266,64.75400000000002,788.9521817574966,147.77433025903144,Linear_Regression,789.1144509216266
2025-11-19 11:11:12.542182,26.4,54.0,0.0,58.8,65.649031142402,789.1144509216266,64.75400000000002,788.9521817574966,147.77433025903144,Linear_Regression,789.1144509216266
2025-11-19 11:11:15.412019,26.5,54.0,0.0,58.8,65.649031142402,789.2629016138595,64.75400000000002,789.1006420134306,147.77433025903144,Linear_Regression,789.2629016138595
2025-11-19 11:11:18.798863,26.4,54.0,0.0,58.8,65.649031142402,789.1144509216266,64.75400000000002,788.9521817574966,147.77433025903144,Linear_Regression,789.1144509216266
2025-11-19 11:11:31.080716,26.4,54.0,0.0,58.8,65.649031142402,789.1144509216266,64.75400000000002,788.9521817574966,147.77433025903144,Linear_Regression,789.1144509216266
2025-11-19 11:11:34.253768,26.4,54.0,0.0,58.8,65.649031142402,789.1144509216266,64.75400000000002,788.9521817574966,147.77433025903144,Linear_Regression,789.1144509216266
2025-11-19 11:11:37.728791,26.5,54.0,0.0,58.8,65.649031142402,789.2629016138595,64.75400000000002,789.1006420134306,147.77433025903144,Linear_Regression,789.2629016138595
2025-11-19 11:12:24.398922,26.9,54.0,0.0,58.8,65.71456189589057,789.8583080472611,64.52400000000002,789.6960885295939,147.77433025903144,Linear_Regression,789.8583080472611
2025-11-19 11:24:45.917991,27.1,52.0,0.0,58.8,65.71456189589057,790.2728962445206,64.96400000000003,790.1106508560337,147.77433025903144,Linear_Regression,790.2728962445206
2025-11-19 11:24:49.188433,27.1,52.0,0.0,58.8,65.71456189589057,790.2728962445206,64.96400000000003,790.1106508560337,147.77433025903144,Linear_Regression,790.2728962445206
2025-11-19 11:25:07.704383,27.2,52.0,0.0,58.8,65.71456189589057,790.4224695018823,64.96200000000003,790.2602349566667,147.77433025903144,Linear_Regression,790.4224695018823
2025-11-19 11:26:19.846804,27.6,54.0,0.0,58.8,67.50675051409809,790.9064434139219,65.90999999999998,790.7443010787251,147.77433025903144,Linear_Regression,790.9064434139219
2025-11-19 11:26:23.265898,27.7,53.0,0.0,58.8,67.50675051409809,791.1147798944571,67.064,790.9526258120228,147.77433025903144,Linear_Regression,791.1147798944571
2025-11-19 11:27:00.583138,27.6,50.0,0.0,58.8,67.50675051409809,791.1382889776762,66.08699999999999,790.9760526245285,147.77433025903144,Linear_Regression,791.1382889776762
2025-11-19 18:44:13.562020,27.3,49.0,0.0,63.3,67.35518307657765,71.97299999999998,791.9407495346189,143.4752395726059,Ridge_Regression,791.9407495346189
2025-11-19 18:44:19.804071,27.3,51.0,0.0,63.3,67.35518307657765,72.363,791.827730930284,143.4752395726059,Ridge_Regression,791.827730930284
2025-11-19 18:44:29.209959,27.3,50.0,0.0,63.3,67.35518307657765,72.36299999999999,791.8842402324515,143.4752395726059,Ridge_Regression,791.8842402324515
2025-11-19 19:13:51.548255,27.0,49.0,0.0,63.3,67.35518307657765,71.39099999999999,791.6235619478695,143.4752395726059,Ridge_Regression,791.6235619478695
2025-11-19 19:13:57.769697,27.1,49.0,0.0,63.3,67.35518307657765,71.50899999999999,791.7725685297241,143.4752395726059,Ridge_Regression,791.7725685297241
2025-11-19 19:14:25.998967,27.1,49.0,18.863,63.3,67.35518307657765,71.50899999999999,791.7725685297241,143.4752395726059,Ridge_Regression,791.7725685297241
2025-11-19 19:14:29.119109,27.2,49.0,17.809,63.3,67.35518307657765,71.50899999999999,791.921734925406,143.4752395726059,Ridge_Regression,791.921734925406
2025-11-19 19:34:36.350907,27.4,48.0,9.018,63.3,69.14737169478516,72.07999999999998,792.2770564604185,143.4752395726059,Ridge_Regression,792.2770564604185
2025-11-19 19:34:39.503748,27.3,50.0,14.094,63.3,67.35518307657765,72.36299999999999,792.0145518327474,143.4752395726059,Ridge_Regression,792.0145518327474
2025-11-19 19:34:42.655295,27.3,50.0,21.412,63.3,67.35518307657765,72.363,792.0145518327474,143.4752395726059,Ridge_Regression,792.0145518327474
2025-11-19 19:34:45.807903,27.4,50.0,24.037,63.3,69.14737169478516,72.65799999999999,792.1640378560836,143.4752395726059,Ridge_Regression,792.1640378560836
2025-11-20 17:08:39.859144,26.7,53.0,0.0,57.2,67.56408211884153,70.79400000000001,790.8403015338575,143.4752395726059,Ridge_Regression,790.8403015338575
2025-11-20 17:08:43.276752,26.7,53.0,0.0,57.2,67.56408211884153,70.79400000000001,790.8403015338575,143.4752395726059,Ridge_Regression,790.8403015338575
2025-11-20 17:09:07.955287,26.8,53.0,1.517,57.2,67.56408211884153,70.72800000000001,790.9888286742306,143.4752395726059,Ridge_Regression,790.9888286742306
2025-11-20 17:09:20.757305,26.7,53.0,1.241,57.2,67.56408211884153,70.79400000000001,790.8403015338575,143.4752395726059,Ridge_Regression,790.8403015338575
2025-11-20 17:09:23.918530,26.7,53.0,1.831,57.2,67.56408211884153,70.79400000000001,790.8403015338575,143.4752395726059,Ridge_Regression,790.8403015338575
2025-11-20 17:09:26.769536,26.8,53.0,0.0,57.2,67.56408211884153,70.72800000000001,790.9888286742306,143.4752395726059,Ridge_Regression,790.9888286742306
2025-11-20 17:09:29.937624,26.8,53.0,19.112,57.2,67.56408211884153,70.72800000000001,790.9888286742306,143.4752395726059,Ridge_Regression,790.9888286742306
2025-11-20 17:09:33.343493,26.8,53.0,10.729,57.2,67.56408211884153,70.72800000000002,790.9888286742306,143.4752395726059,Ridge_Regression,790.9888286742306
2025-11-20 17:09:36.208623,26.8,53.0,16.843,57.2,67.56408211884153,70.72800000000001,790.9888286742306,143.4752395726059,Ridge_Regression,790.9888286742306
2025-11-20 18:54:13.343846,26.8,53.0,1.157,11.9,17.27471481537645,6.566999999999996,26.654209995028925,10.486078262329102,SVR,26.654209995028925
2025-11-20 18:54:16.516145,26.8,53.0,0.677,11.9,17.27471481537645,6.566999999999996,26.654209995028925,10.486078262329102,SVR,26.654209995028925
2025-11-20 18:54:19.601144,26.8,53.0,0.994,11.9,17.27471481537645,6.566999999999996,26.654209995028925,10.486078262329102,SVR,26.654209995028925
2025-11-20 18:54:22.758262,26.8,53.0,2.075,11.9,17.27471481537645,6.566999999999997,26.654209995028925,10.486078262329102,SVR,26.654209995028925
2025-11-20 18:54:25.870861,26.8,53.0,1.577,11.9,17.27471481537645,6.566999999999997,26.654209995028925,10.486078262329102,SVR,26.654209995028925
2025-11-20 19:04:46.767719,26.8,53.0,0.385,11.9,17.27471481537645,6.566999999999995,26.654209995028925,10.486078262329102,SVR,26.654209995028925
2025-11-20 19:04:49.915950,26.8,53.0,0.0,11.9,17.27471481537645,6.566999999999996,26.654209995028925,10.486078262329102,SVR,26.654209995028925
2025-11-20 19:04:53.086686,26.8,53.0,0.0,11.9,17.27471481537645,6.566999999999995,26.654209995028925,10.486078262329102,SVR,26.654209995028925
2025-11-20 19:05:43.267025,26.9,52.0,3.011,11.9,17.27471481537645,6.657999999999998,26.654209995028925,10.486078262329102,SVR,26.654209995028925
2025-11-20 20:10:18.040278,27.2,54.0,0.0,63.3,67.35518307657765,71.08800000000001,143.4752395726059,SVR,143.4752395726059
2025-11-20 20:10:21.039160,27.2,54.0,0.0,63.3,67.35518307657765,71.088,143.4752395726059,SVR,143.4752395726059
2025-11-20 20:10:24.257282,27.2,54.0,0.0,63.3,67.35518307657765,71.08800000000001,143.4752395726059,SVR,143.4752395726059
2025-11-20 20:11:01.844370,27.2,54.0,0.0,63.3,67.35518307657765,71.088,143.4752395726059,SVR,143.4752395726059
2025-11-20 20:11:04.988239,27.2,54.0,0.0,63.3,67.35518307657765,71.088,143.4752395726059,SVR,143.4752395726059
2025-11-20 20:11:08.111679,27.2,54.0,0.0,63.3,67.35518307657765,71.088,143.4752395726059,SVR,143.4752395726059
2025-11-20 20:11:11.267738,27.2,54.0,0.0,63.3,67.35518307657765,71.08800000000001,143.4752395726059,SVR,143.4752395726059
2025-11-20 20:11:14.391736,27.2,54.0,0.0,63.3,67.35518307657765,71.08800000000001,143.4752395726059,SVR,143.4752395726059
2025-11-20 20:11:17.509040,27.2,54.0,0.0,63.3,67.35518307657765,71.08800000000001,143.4752395726059,SVR,143.4752395726059
2025-11-20 20:14:03.704915,27.2,54.0,0.0,63.3,67.35518307657765,71.088,143.4752395726059,SVR,143.4752395726059
2025-11-20 20:14:06.878881,27.2,54.0,0.0,63.3,67.35518307657765,71.088,143.4752395726059,SVR,143.4752395726059
2025-11-20 20:14:09.954922,27.2,54.0,0.0,63.3,67.35518307657765,71.08800000000001,143.4752395726059,SVR,143.4752395726059
2025-11-20 20:14:13.120274,27.2,54.0,0.0,63.3,67.35518307657765,71.08800000000001,143.4752395726059,SVR,143.4752395726059
2025-11-20 20:14:16.258147,27.2,54.0,0.0,63.3,67.35518307657765,71.088,143.4752395726059,SVR,143.4752395726059
2025-11-20 20:14:19.413771,27.2,54.0,0.0,63.3,67.35518307657765,71.088,143.4752395726059,SVR,143.4752395726059
2025-11-20 20:14:22.506991,27.2,54.0,0.0,63.3,67.35518307657765,71.08800000000001,143.4752395726059,SVR,143.4752395726059
2025-11-20 20:14:44.484896,27.2,54.0,0.0,63.3,67.35518307657765,71.08800000000001,143.4752395726059,SVR,143.4752395726059
2025-11-20 20:14:50.753501,27.2,54.0,0.0,63.3,67.35518307657765,71.088,143.4752395726059,SVR,143.4752395726059
2025-11-20 20:14:53.900246,27.2,54.0,0.0,63.3,67.35518307657765,71.08800000000002,143.4752395726059,SVR,143.4752395726059
2025-11-20 20:15:34.704362,27.2,54.0,0.0,63.3,67.35518307657765,71.08800000000001,143.4752395726059,SVR,143.4752395726059
2025-11-20 20:15:44.064553,27.2,54.0,0.0,63.3,67.35518307657765,71.08800000000001,143.4752395726059,SVR,143.4752395726059
2025-11-20 20:15:47.176847,27.2,54.0,0.0,63.3,67.35518307657765,71.088,143.4752395726059,SVR,143.4752395726059
2025-11-20 20:21:47.972657,27.2,54.0,0.0,63.3,67.35518307657765,71.088,143.4752395726059,SVR,143.4752395726059
2025-11-20 20:21:50.930655,27.3,54.0,0.0,63.3,67.35518307657765,71.622,143.4752395726059,SVR,143.4752395726059
2025-11-20 20:21:54.049083,27.2,54.0,0.0,63.3,67.35518307657765,71.088,143.4752395726059,SVR,143.4752395726059
2025-11-21 12:12:18.328198,28.3,49.0,0.0,63.1,71.22464672841811,74.81199999999995,143.4752395726059,SVR,143.4752395726059
2025-11-21 12:14:48.223739,28.6,48.0,0.267,63.1,71.22464672841811,75.84399999999997,143.4752395726059,SVR,143.4752395726059
2025-11-21 12:14:51.389259,28.6,48.0,3.267,63.1,71.22464672841811,75.84399999999997,143.4752395726059,SVR,143.4752395726059
2025-11-21 12:14:54.465256,28.6,48.0,4.301,63.1,71.22464672841811,75.84399999999997,143.4752395726059,SVR,143.4752395726059
2025-11-21 12:14:57.625787,28.6,48.0,4.739,63.1,71.22464672841811,75.84399999999997,143.4752395726059,SVR,143.4752395726059
2025-11-21 12:15:00.797154,28.6,48.0,5.307,63.1,71.22464672841811,75.84399999999997,143.4752395726059,SVR,143.4752395726059
2025-11-21 12:15:03.883333,28.6,48.0,5.378,63.1,71.22464672841811,75.84399999999995,143.4752395726059,SVR,143.4752395726059
2025-11-21 12:15:07.030517,28.5,48.0,4.991,63.1,71.22464672841811,74.98699999999997,143.4752395726059,SVR,143.4752395726059
2025-11-21 12:15:10.460963,28.5,48.0,5.828,63.1,71.22464672841811,74.98699999999997,143.4752395726059,SVR,143.4752395726059
2025-11-21 12:15:13.287100,28.7,48.0,6.188,63.1,71.22464672841811,78.37299999999996,143.4752395726059,SVR,143.4752395726059
2025-11-21 12:15:16.509143,28.7,48.0,6.271,63.1,71.22464672841811,78.37299999999996,143.4752395726059,SVR,143.4752395726059
2025-11-21 12:15:19.943261,28.6,48.0,6.33,63.1,71.22464672841811,75.84399999999995,143.4752395726059,SVR,143.4752395726059
2025-11-21 12:15:22.729562,28.7,48.0,6.298,63.1,71.22464672841811,78.37299999999996,143.4752395726059,SVR,143.4752395726059
2025-11-21 12:15:25.880048,28.7,48.0,6.147,63.1,71.22464672841811,78.37299999999996,143.4752395726059,SVR,143.4752395726059
2025-11-21 12:15:29.036528,28.7,48.0,6.191,63.1,71.22464672841811,78.37299999999996,143.4752395726059,SVR,143.4752395726059
2025-11-21 12:15:32.143990,28.7,48.0,6.323,63.1,71.22464672841811,78.37299999999996,143.4752395726059,SVR,143.4752395726059
2025-11-21 12:15:35.193358,28.7,47.0,6.315,63.1,71.22464672841811,78.28099999999996,143.4752395726059,SVR,143.4752395726059
2025-11-21 12:15:38.371564,28.7,48.0,7.269,63.1,71.22464672841811,78.37299999999996,143.4752395726059,SVR,143.4752395726059
2025-11-21 12:15:41.484055,28.7,47.0,5.855,63.1,71.22464672841811,78.28099999999996,143.4752395726059,SVR,143.4752395726059
2025-11-21 12:15:44.973471,28.7,47.0,6.114,63.1,71.22464672841811,78.28099999999996,143.4752395726059,SVR,143.4752395726059
2025-11-21 12:15:47.797394,28.6,48.0,6.121,63.1,71.22464672841811,75.84399999999997,143.4752395726059,SVR,143.4752395726059
2025-11-21 12:15:50.967106,28.7,48.0,6.022,63.1,71.22464672841811,78.37299999999996,143.4752395726059,SVR,143.4752395726059
2025-11-21 12:15:54.157452,28.7,48.0,5.947,63.1,71.22464672841811,78.37299999999996,143.4752395726059,SVR,143.4752395726059
2025-11-21 12:15:57.214711,28.7,48.0,5.864,63.1,71.22464672841811,78.37299999999996,143.4752395726059,SVR,143.4752395726059
2025-11-21 12:16:00.630354,28.7,47.0,5.673,63.1,71.22464672841811,78.28099999999996,143.4752395726059,SVR,143.4752395726059
2025-11-21 12:16:03.468820,28.7,48.0,5.661,63.1,71.22464672841811,78.37299999999996,143.4752395726059,SVR,143.4752395726059
2025-11-21 12:16:06.592429,28.7,48.0,5.76,63.1,71.22464672841811,78.37299999999996,143.4752395726059,SVR,143.4752395726059
2025-11-21 12:16:09.716334,28.7,48.0,5.772,63.1,71.22464672841811,78.37299999999996,143.4752395726059,SVR,143.4752395726059
2025-11-21 12:16:12.876178,28.7,48.0,5.742,63.1,71.22464672841811,78.37299999999996,143.4752395726059,SVR,143.4752395726059
2025-11-21 12:16:16.059097,28.7,48.0,5.745,63.1,71.22464672841811,78.37299999999996,143.4752395726059,SVR,143.4752395726059
2025-11-21 12:16:19.108693,28.7,48.0,5.729,63.1,71.22464672841811,78.37299999999996,143.4752395726059,SVR,143.4752395726059
2025-11-21 12:16:22.508563,28.7,48.0,5.766,63.1,71.22464672841811,78.37299999999996,143.4752395726059,SVR,143.4752395726059
2025-11-21 12:16:25.494983,28.7,48.0,5.701,63.1,71.22464672841811,78.37299999999996,143.4752395726059,SVR,143.4752395726059
2025-11-21 12:16:28.877199,28.7,48.0,5.714,63.1,71.22464672841811,78.37299999999996,143.4752395726059,SVR,143.4752395726059
2025-11-21 12:16:31.735038,28.7,48.0,5.687,63.1,71.22464672841811,78.37299999999996,143.4752395726059,SVR,143.4752395726059
2025-11-21 12:16:35.104417,28.7,48.0,5.701,63.1,71.22464672841811,78.37299999999996,143.4752395726059,SVR,143.4752395726059
2025-11-21 12:16:37.970691,28.8,47.0,5.563,80.6,71.22464672841811,80.66499999999995,143.4752395726059,SVR,143.4752395726059
2025-11-21 12:16:41.139612,28.7,48.0,5.47,63.1,71.22464672841811,78.37299999999996,143.4752395726059,SVR,143.4752395726059
2025-11-21 12:16:44.234086,28.7,47.0,5.36,63.1,71.22464672841811,78.28099999999996,143.4752395726059,SVR,143.4752395726059
2025-11-21 12:16:47.408860,28.8,47.0,5.286,80.6,71.22464672841811,80.66499999999995,143.4752395726059,SVR,143.4752395726059
2025-11-21 12:16:50.523575,28.8,48.0,5.175,80.6,71.22464672841811,80.75699999999995,143.4752395726059,SVR,143.4752395726059
2025-11-22 18:40:20.789423,27.0,50.0,20.304,63.1,67.35518307657765,70.178,143.4752395726059,SVR,143.4752395726059
2025-11-22 18:40:51.105531,26.9,50.0,23.114,63.1,67.35518307657765,70.13499999999998,143.4752395726059,SVR,143.4752395726059
2025-11-22 18:40:54.222907,26.9,50.0,15.541,63.1,67.35518307657765,70.13499999999998,143.4752395726059,SVR,143.4752395726059
2025-11-22 18:40:57.412075,26.9,50.0,10.477,63.1,67.35518307657765,70.13499999999998,143.4752395726059,SVR,143.4752395726059
2025-11-22 18:41:00.505935,26.9,50.0,11.794,63.1,67.35518307657765,70.13499999999998,143.4752395726059,SVR,143.4752395726059
2025-11-22 18:41:03.635267,26.9,50.0,15.969,63.1,67.35518307657765,70.13499999999998,143.4752395726059,SVR,143.4752395726059
2025-11-22 18:41:07.253077,26.9,50.0,13.103,63.1,67.35518307657765,70.13499999999998,143.4752395726059,SVR,143.4752395726059
2025-11-22 18:41:09.892961,27.0,50.0,18.73,63.1,67.35518307657765,70.17799999999997,143.4752395726059,SVR,143.4752395726059
2025-11-22 18:41:32.220286,27.0,50.0,16.985,63.1,67.35518307657765,70.17799999999997,143.4752395726059,SVR,143.4752395726059
2025-11-22 18:41:35.007667,27.0,50.0,20.547,63.1,67.35518307657765,70.17799999999997,143.4752395726059,SVR,143.4752395726059
2025-11-22 18:41:41.259505,27.0,50.0,23.742,63.1,67.35518307657765,70.17799999999998,143.4752395726059,SVR,143.4752395726059
2025-11-22 18:41:44.400582,27.0,50.0,24.069,63.1,67.35518307657765,70.17799999999997,143.4752395726059,SVR,143.4752395726059
2025-11-22 18:42:59.663946,27.0,50.0,19.616,63.1,67.35518307657765,70.17799999999998,143.4752395726059,SVR,143.4752395726059
2025-11-22 18:43:02.773228,27.0,50.0,16.101,63.1,67.35518307657765,70.17799999999997,143.4752395726059,SVR,143.4752395726059
2025-11-22 18:44:43.253504,27.0,50.0,20.169,63.1,67.35518307657765,70.17799999999997,143.4752395726059,SVR,143.4752395726059
2025-11-22 18:50:21.961020,26.9,50.0,23.478,63.1,67.35518307657765,70.13499999999998,143.4752395726059,SVR,143.4752395726059
2025-11-22 18:50:24.892829,26.9,50.0,25.67,63.1,67.35518307657765,70.13499999999998,143.4752395726059,SVR,143.4752395726059
2025-11-22 18:50:28.047796,26.9,50.0,29.54,63.1,67.35518307657765,70.13499999999999,143.4752395726059,SVR,143.4752395726059
2025-11-22 18:50:31.152967,26.9,50.0,30.374,63.1,67.35518307657765,70.13499999999998,143.4752395726059,SVR,143.4752395726059
2025-11-22 18:50:34.321654,26.9,50.0,30.704,63.1,67.35518307657765,70.13499999999998,143.4752395726059,SVR,143.4752395726059
2025-11-22 18:50:37.482365,26.9,50.0,30.968,63.1,67.35518307657765,70.13499999999998,143.4752395726059,SVR,143.4752395726059
2025-11-22 18:50:40.600419,26.9,50.0,31.159,63.1,67.35518307657765,70.13499999999998,143.4752395726059,SVR,143.4752395726059
2025-11-22 18:50:43.692699,27.0,50.0,31.332,63.1,67.35518307657765,70.17799999999997,143.4752395726059,SVR,143.4752395726059
2025-11-22 18:50:46.834410,26.9,50.0,31.381,63.1,67.35518307657765,70.13499999999998,143.4752395726059,SVR,143.4752395726059
2025-11-22 18:50:49.965253,26.9,50.0,21.688,63.1,67.35518307657765,70.13499999999998,143.4752395726059,SVR,143.4752395726059
2025-11-22 18:50:53.121930,27.0,50.0,15.005,63.1,67.35518307657765,70.17799999999997,143.4752395726059,SVR,143.4752395726059
2025-11-22 18:50:56.233969,27.0,50.0,14.355,63.1,67.35518307657765,70.17799999999997,143.4752395726059,SVR,143.4752395726059
2025-11-22 18:50:59.372939,27.0,50.0,15.328,63.1,67.35518307657765,70.17799999999997,143.4752395726059,SVR,143.4752395726059
2025-11-22 18:51:02.540240,27.0,50.0,13.241,63.1,67.35518307657765,70.17799999999997,143.4752395726059,SVR,143.4752395726059
2025-11-22 18:51:05.699045,27.0,50.0,8.875,63.1,67.35518307657765,70.17799999999997,143.4752395726059,SVR,143.4752395726059
2025-11-22 18:51:08.838181,27.0,50.0,11.034,63.1,67.35518307657765,70.17799999999997,143.4752395726059,SVR,143.4752395726059
2025-11-22 18:51:11.995083,27.0,50.0,11.172,63.1,67.35518307657765,70.17799999999997,143.4752395726059,SVR,143.4752395726059
2025-11-22 18:51:15.046509,28.2,69.0,1.379,94.3,70.37844178987488,77.25699999999996,143.4752395726059,SVR,143.4752395726059
2025-11-22 18:51:18.203331,27.3,74.0,0.0,94.3,67.35518307657765,75.23,143.4752395726059,SVR,143.4752395726059
2025-11-22 18:51:21.344449,27.3,71.0,0.0,94.3,67.35518307657765,74.71399999999998,143.4752395726059,SVR,143.4752395726059
2025-11-22 18:51:24.440216,27.5,80.0,7.531,94.3,69.14737169478516,75.13899999999998,143.4752395726059,SVR,143.4752395726059
2025-11-22 18:51:27.610481,27.7,82.0,7.194,94.3,69.14737169478516,74.99499999999995,143.4752395726059,SVR,143.4752395726059
2025-11-22 18:51:30.730758,28.0,87.0,4.685,94.3,70.37844178987488,78.91599999999995,143.4752395726059,SVR,143.4752395726059
2025-11-22 18:51:33.867031,28.2,90.0,5.24,94.3,70.37844178987488,79.53599999999994,143.4752395726059,SVR,143.4752395726059
2025-11-22 18:51:37.058490,28.7,92.0,0.0,94.3,70.37844178987488,83.19099999999997,143.4752395726059,SVR,143.4752395726059
2025-11-22 18:51:40.136329,29.0,92.0,0.0,96.3,70.37844178987488,86.04599999999999,143.4752395726059,SVR,143.4752395726059
2025-11-22 18:51:43.260290,29.3,86.0,0.0,96.3,73.48602283486538,85.96299999999998,143.4752395726059,SVR,143.4752395726059
2025-11-22 18:51:46.390319,29.5,88.0,0.0,96.3,76.21953390113973,85.56599999999999,143.4752395726059,SVR,143.4752395726059
2025-11-22 18:51:49.555753,29.7,90.0,0.0,96.3,76.21953390113973,85.515,143.4752395726059,SVR,143.4752395726059
2025-11-22 18:51:52.688401,29.5,83.0,0.0,96.3,76.21953390113973,84.30299999999997,143.4752395726059,SVR,143.4752395726059
2025-11-22 18:51:55.808628,30.0,80.0,0.914,96.3,76.21953390113973,84.70200000000001,143.4752395726059,SVR,143.4752395726059
2025-11-22 18:51:58.966835,30.2,75.0,2.706,96.3,76.21953390113973,86.12,143.4752395726059,SVR,143.4752395726059
2025-11-22 18:52:02.099913,30.2,72.0,4.421,108.6,76.21953390113973,86.818,143.4752395726059,SVR,143.4752395726059
2025-11-22 18:52:05.252471,30.4,69.0,4.868,108.6,76.21953390113973,86.94499999999998,143.4752395726059,SVR,143.4752395726059
2025-11-22 18:52:08.365539,30.4,67.0,6.816,100.5,76.21953390113973,86.86,143.4752395726059,SVR,143.4752395726059
2025-11-22 18:52:11.500734,30.4,66.0,7.568,100.5,76.21953390113973,86.26599999999999,143.4752395726059,SVR,143.4752395726059
2025-11-22 18:52:14.630100,30.4,65.0,6.726,100.5,76.21953390113973,86.12899999999999,143.4752395726059,SVR,143.4752395726059
2025-11-22 18:52:17.775865,30.4,64.0,7.602,100.5,76.21953390113973,86.405,143.4752395726059,SVR,143.4752395726059
2025-11-22 18:52:20.921236,30.4,64.0,8.695,100.5,76.21953390113973,86.405,143.4752395726059,SVR,143.4752395726059
2025-11-22 18:52:24.002058,30.5,63.0,8.341,81.5,76.21953390113973,85.97,143.4752395726059,SVR,143.4752395726059
2025-11-22 18:52:27.149976,30.4,63.0,0.0,81.5,76.21953390113973,85.59600000000002,143.4752395726059,SVR,143.4752395726059
2025-11-22 18:52:30.322614,30.5,67.0,0.0,100.5,76.21953390113973,87.23399999999998,143.4752395726059,SVR,143.4752395726059
2025-11-22 18:52:33.435085,30.6,73.0,0.287,108.6,76.21953390113973,87.139,143.4752395726059,SVR,143.4752395726059
2025-11-22 18:52:36.556061,30.6,73.0,3.029,108.6,76.21953390113973,87.139,143.4752395726059,SVR,143.4752395726059
2025-11-22 18:52:39.710772,30.7,73.0,6.341,108.6,76.21953390113973,87.61399999999998,143.4752395726059,SVR,143.4752395726059
2025-11-22 18:52:42.856598,30.7,71.0,7.475,108.6,76.21953390113973,87.916,143.4752395726059,SVR,143.4752395726059
2025-11-22 18:52:45.975385,30.7,70.0,7.561,108.6,76.21953390113973,87.92899999999997,143.4752395726059,SVR,143.4752395726059
2025-11-22 18:52:49.088393,30.7,69.0,7.663,108.6,76.21953390113973,88.08899999999998,143.4752395726059,SVR,143.4752395726059
2025-11-22 18:52:52.268036,30.7,68.0,9.249,100.5,76.21953390113973,87.92299999999997,143.4752395726059,SVR,143.4752395726059
2025-11-22 18:52:55.421419,30.7,68.0,9.954,100.5,76.21953390113973,87.92299999999997,143.4752395726059,SVR,143.4752395726059
2025-11-22 18:52:58.526677,30.7,68.0,10.544,100.5,76.21953390113973,87.92299999999997,143.4752395726059,SVR,143.4752395726059
2025-11-22 18:53:01.731571,30.7,66.0,9.907,100.5,76.21953390113973,87.19599999999998,143.4752395726059,SVR,143.4752395726059
2025-11-22 18:53:04.790025,30.7,68.0,0.0,100.5,76.21953390113973,87.92299999999999,143.4752395726059,SVR,143.4752395726059
2025-11-22 18:53:07.921386,30.7,72.0,0.0,108.6,76.21953390113973,87.916,143.4752395726059,SVR,143.4752395726059
2025-11-22 18:53:11.067940,30.7,72.0,0.0,108.6,76.21953390113973,87.91599999999997,143.4752395726059,SVR,143.4752395726059
2025-11-22 18:53:14.229835,30.7,76.0,0.0,96.3,76.21953390113973,86.91599999999997,143.4752395726059,SVR,143.4752395726059
2025-11-22 18:53:17.358252,30.7,79.0,0.0,96.3,76.21953390113973,86.73099999999998,143.4752395726059,SVR,143.4752395726059
2025-11-22 18:53:20.522149,30.7,79.0,0.0,96.3,76.21953390113973,86.73099999999998,143.4752395726059,SVR,143.4752395726059
2025-11-22 18:53:23.632975,30.7,79.0,0.0,96.3,76.21953390113973,86.73099999999998,143.4752395726059,SVR,143.4752395726059
2025-11-22 18:53:26.791903,30.7,77.0,0.0,96.3,76.21953390113973,86.89,143.4752395726059,SVR,143.4752395726059
2025-11-22 18:53:29.883996,30.7,74.0,1.674,108.6,76.21953390113973,87.20199999999997,143.4752395726059,SVR,143.4752395726059
2025-11-22 18:53:33.020639,30.7,72.0,6.232,108.6,76.21953390113973,87.91599999999998,143.4752395726059,SVR,143.4752395726059
2025-11-22 18:53:36.150684,30.6,77.0,4.343,96.3,76.21953390113973,86.44099999999999,143.4752395726059,SVR,143.4752395726059
2025-11-22 18:53:39.383240,30.7,78.0,10.24,96.3,76.21953390113973,86.88999999999996,143.4752395726059,SVR,143.4752395726059
